<?xml version="1.0" encoding="utf-8"?>
<cbinstall version="1.0" type="plugin" group="language">
	<name>traditional_chinese</name>
	<author>which</author>
	<creationDate>2009-04-05</creationDate>
	<copyright>(C) 2005-2009 whichworkstation.com</copyright>
	<license>http://creativecommons.org/licenses/by-sa/2.5/tw/ creative</license>
	<authorEmail>which@yam.com</authorEmail>
	<authorUrl>www.whichworkstation.com</authorUrl>
	<version>1.2</version>
	<description>Provides the traditional_chinese language for Community Builder core functions.</description>
	<files>
		<filename plugin="traditional_chinese">traditional_chinese.php</filename>
		<filename>index.html</filename>
		<filename>cbteamplugins_language.php</filename>  
		<filename>calendar-locals.js</filename>
        <filename>images/index.html</filename>  
		<filename>images/nophoto.jpg</filename>     
        <filename>images/pendphoto.jpg</filename>      
        <filename>images/tnnophoto.jpg</filename>      
        <filename>images/tnpendphoto.jpg</filename>  
	</files>
    <params>	
    </params>	    
	<database>
	</database>
</cbinstall>