<?xml version="1.0" encoding="UTF-8"?>
<!-- $Id$ -->
<!DOCTYPE install>
<install type="language" version="1.5" client="administrator" method="upgrade">
	<name>Kunena Forum - German</name>
	<tag>de-DE</tag>
	<creationDate>2011-08-29</creationDate>
	<version>1.7.0</version>
	<build>5135</build>
	<author>Sven Schultschik (LDA) / Richard Binder (rich)</author>
        <lector>Jan Erik Zassenhaus (Team J!German)</lector>
	<authorEmail>kunena@kunena.org</authorEmail>
	<authorUrl>http://www.kunena.org</authorUrl>
	<copyright>(C) 2008 - 2011 Kunena Team. All rights reserved.</copyright>
	<license>GNU/GPL</license>
	<description>German language file for Kunena Forum Component</description>

	<files>
		<filename>de-DE.com_kunena.ini</filename>
		<filename>de-DE.com_kunena.install.ini</filename>
		<filename>de-DE.com_kunena.menu.ini</filename>
		<filename>de-DE.com_kunena.sys.ini</filename>
		<filename>de-DE.plg_system_kunena.sys.ini</filename>
	</files>
</install>
