<?xml version="1.0" encoding="utf-8"?>
<!-- $Id$ -->
<!DOCTYPE install>
<install type="language" version="1.5" client="site" method="upgrade">
	<name>Kunena Forum - Polish</name>
	<tag>pl-PL</tag>
	<creationDate>2011-08-29</creationDate>
	<version>1.7.0</version>
	<build>5135</build>
	<author>JoomlAdmin - www.joomladmin.pl</author>
	<authoremail>andrzej@joomladmin.pl</authoremail>
	<authorurl>www.joomladmin.pl</authorurl>
	<copyright>2010</copyright>
	<license>Open Source License, GPL v2 based</license>
	<description><![CDATA[
  <div style="padding: 15px; font-weight: normal; border: 2px dashed #C8C8C8; width: 450px; margin: auto; " >
<strong>Pakiet języka polskiego dla Kunena 1.6.3</strong>
<br /><br />Autor: 2011, <a href="http://joomladmin.pl">JoomlAdmin</a>
<br /><br />
<strong>Tłumaczył:</strong> Andrzej 'Randal' Makowiecki - <a href="mailto:andrzej@joomladmin.pl">kontakt</a>
<br /><br />
W oparciu o tłumaczenie wersji 1.5 wykonanej przez 'Sogo' i Stefana 'zwiastuna' Wajdę
</div>
  ]]></description>

	<files>
		<filename>pl-PL.com_kunena.ini</filename>
		<filename>pl-pL.com_kunena.tpl_default.ini</filename>
		<filename>pl-pL.com_kunena.tpl_example.ini</filename>
	</files>
</install>