<?xml version="1.0" encoding="UTF-8"?>
<cbinstall version="1.0" type="plugin" group="user">
	<name>CB SUPER PROFILE Activity</name>
	<author>grVulture AXXIS.gr</author>
	<creationDate>01/01/2009</creationDate>
	<copyright>axxis.gr</copyright>
	<license>http://www.gnu.org/copyleft/gpl.html GNU/GPL</license>
	<authorEmail>grvulture@yahoo.com</authorEmail>
	<authorUrl>http://www.axxis.gr</authorUrl>
	<version>1.1</version>
	<description>
	This plugin will display CB User Activities in your site, in a chronological order. 
	It will attract your users' attention to click other user profile and encourage them to be more active in the website</description>

<install>
</install>

<uninstall>
</uninstall>

	<files>
		<filename plugin="cb_plugin_superactivity">cb_plugin_superactivity.php</filename>
		<filename >install.php</filename>
		<filename >uninstall.php</filename>
		<filename >index.html</filename>
		<filename >css/index.html</filename>
		<filename >css/default.css</filename>
		<filename >cb_activity/offline.gif</filename>
		<filename >cb_activity/online.gif</filename>
		<filename >cb_activity/logo.jpg</filename>
		<filename >cb_activity/play.jpg</filename>
		<filename >helpers/index.html</filename>
		<filename >helpers/error_handler.php</filename>
		<filename >helpers/loop_vars.php</filename>
		<filename >helpers/parameters.php</filename>
		<filename >helpers/sql_loads.php</filename>
		<filename >helpers/flag_switch.php</filename>
		<filename >helpers/sqlloop.php</filename>
		<filename >helpers/conditions.php</filename>
		<filename >helpers/phpbb_helper.php</filename>
		<filename >language/index.html</filename>
		<filename >language/english.php</filename>
		<filename >views/index.html</filename>
		<filename >views/defaultdisplay.php</filename>
		<filename >views/supera.php</filename>
	</files>

	<params>
   	<param name="@space" type="spacer" default="Set Tab parameters in community builder Tab CB Super Activity" label="See Tab Parameters" description="Go to CB Tab Management to set parameters, and be sure to have the plugin enabled!"></param>
  </params>


	<tabs>
	<tab name="CB SUPER Profile Activity Tab" description="" class="cbsuperaTab" fields="1" position="cb_tabmain" displaytype="tab">
	<params>
    <param name="modulename" type="list" default="24" label="CB Activity version" description="">
			<option value="24">PROFILE ACTIVITY LIGHT</option>
		</param>
    <param name="debug" type="radio" default="0" label="Debug Mode" description="Debug Mode is used for debugging. When in this mode, your site will run slower. To use this mode you have to create a file called php_error.html with 777 permissions to your root directory, eg. public_html. All errors associated with cb_superactivity will be written to this file, and also sent to info@axxis.gr. PHP 4 mode should ONLY be checked, if the tab informs you to do so.">
			<option value="1">Yes</option>
			<option value="0">No</option>
			<option value="2">PHP 4</option>
		</param>

    <param name="timeissues" type="radio" default="0" label="Time Issues" description="If you experience time issues (time displaying incorrectly, or other issues related to how CB Super Activity handles time), please check this option.">
			<option value="1">Yes</option>
			<option value="0">No</option>
		</param>

  	<param name="@space" type="spacer" default="Tab Settings" label="Tab Settings" description="--------------------------------------"></param>

	 <param name="friendactivity" type="radio" default="0" label="Tab Display" description="Select if you want to show only activity of friends on selected tab, or only profile activities, or both.">
			<option value="0">Profile Activities</option>
			<option value="1">Friendly Activities</option>
			<option value="2">Both</option>
		</param>
	 <param name="style" type="list" default="0" label="Style of Tab?" description="Default template is a basic template where everything will be displayed according to your default Joomla template. You can add your own values in the CSS file and make a template that matches your taste. Dark Template is used as an example of personal templating. Both files are in the cb_superactivity/css folder.">
			<option value="0">Default Template</option>
		</param>

	 <param name="spacerline" type="radio" default="1" label="Show Horizontal Line Between Activities?" description="Select if you want to show the horizontal line between activities of users or not">
			<option value="1">Yes</option>
			<option value="0">No</option>
		</param>

   <param name="datetimepattern" type="list" default="0" label="Date/Time Pattern" description="Select how you want dates and time displayed. Please contribute to beta-testing. If you experience erroneous times, please report!">
      <option value="0">Show regular date/time</option>
      <option value="1">Show Today/Yesterday/ago date/time</option>
   </param>
	 <param name="showdaily" type="radio" default="1" label="Show Activities Grouped by Date?" description="Select if you want to group activities that occured the same day">
			<option value="1">Yes</option>
			<option value="0">No</option>
		</param>
	 <param name="infotext" type="list" default="1" label="Show info text?" description="Select if you want to display the small text that tells you the type and date of activity">
			<option value="1">Yes, include</option>
			<option value="2">Yes, include but with no timestamp please</option>
			<option value="0">No (Dont include)</option>
		</param>

	 <param name="myactiv" type="radio" default="1" label="Include user's own activities?" description="Select if you want to display the activities of the currently logged in user, or hide them.">
			<option value="1">Yes (Include)</option>
			<option value="0">No (Dont include)</option>
		</param>

	 <param name="showyou" type="list" default="0" label="Show 'YOU'?" description="Show 'you' instead of username/name and 'yours' instead of 'his/her/their' when user is viewing own activities?">
			<option value="1">Show YOU instead of username/name</option>
			<option value="0">Show username/name (default)</option>
		</param>

	 <param name="excludeadmin" type="text" default="" label="Exclude user's activities?" description="Enter here the user IDs of users you want to hide activities for. Separate IDs with commas, WITHOUT SPACES! (e.g. 62,67,144,13)"/>
	 <param name="custominclude" type="text" default="" label="Include CUSTOM activities?" description="Enter here the custom activityIDs you want to display. Separate IDs with commas (e.g. 2,7,13). Works with SuperActivity EXPERT component."/>
	 <param name="groupinclude" type="text" default="" label="Include ONLY these groups' activities?" description="Enter here the group IDs of groups you want to show activities for. Separate IDs with commas, WITHOUT SPACES! (e.g. 62,67,144,13)"/>

	 <param name="guestlink" type="text" default="GUESTS ALLOWED" label="Link for Guests?" description="Please enter the link where guests will be redirected if they click on a link (eg. a page where you notify them that links work only for registered users, or a registration page). If you want that links simply not work for guests, enter here 'NOT ALLOWED'. If you want links to work for guests also, enter here 'GUESTS ALLOWED'."></param>

		
  	<param name="@space" type="spacer" default="Activities" label="Activities" description="Select which activities to include in the tab"></param>
	 <param name="logins" type="radio" default="0" label="Latest Logins" description="">
			<option value="1">Yes (Include)</option>
			<option value="0">No (Dont include)</option>
		</param>
		
	 <param name="pupdates" type="radio" default="0" label="Profile Updates" description="">
			<option value="1">Yes (Include)</option>
			<option value="0">No (Dont include)</option>
		</param>
		
	 <param name="lusers" type="radio" default="0" label="New Users" description="">
			<option value="1">Yes (Include)</option>
			<option value="0">No (Dont include)</option>
		</param>
		
	 <param name="newships" type="radio" default="0" label="New Friendships" description="">
			<option value="1">Yes (Include)</option>
			<option value="0">No (Dont include)</option>
		</param>
		

   	<param name="@space" type="spacer" default="CB Settings" label="CB Settings" description="--------------------------------------"></param>
    <param name="userover" type="radio" default="0" label="Allow user override?" description="Select if you want to allow the users to change options from frontend.">
  			<option value="1">Yes</option>
  			<option value="0">No</option>
  	</param>
    <param name="count" type="text" default="10" label="Number of Activities" description="Enter the number of activities you want to be displayed."></param>
    <param name="imageinc" type="radio" default="1" label="Display avatar thumbnail?" description="Select if you want to show thumbnail of the profile photo of users.">
  			<option value="1">Yes (Display avatar)</option>
  			<option value="0">No (Dont display avatar)</option>
  	</param>
  	<param name="height_thumbcb" type="text" default="15" label="Thumbnail Height:" description="If you want to keep aspect ratio of the avatar based on width, enter 0 here"></param>
    <param name="width_thumbcb" type="text" default="0" label="Thumbnail Width:" description="If you want to keep aspect ratio of the avatar based on height, enter 0 here."></param>

    <param name="showonline" type="radio" default="0" label="See users online gif?" description="Select if you want to show whether a user is online or not, by using online/offline gif image.">
  			<option value="1">Yes (Show online/offline gif)</option>
  			<option value="0">No (Dont show online/offline gif)</option>
  	</param>
  
    <param name="shownotavatar" type="radio" default="1" label="See users without picture?" description="Select if you want to show up users with no photo or just users with photo!">
  			<option value="1">Yes (Show users without picture)</option>
  			<option value="0">No (Dont show users without picture)</option>
  	</param>
  
    <param name="shownamedetails" type="radio" default="1" label="Show name/username?" description="Select if you want to show the username/name ?">
  			<option value="1">Yes</option>
  			<option value="0">No</option>
  	</param>
  
    <param name="showimagenot" type="radio" default="0" label="Users without Avatar Approved" description="Select if you want to show or not users with CB avatar not approved or pending approval">
  			<option value="1">Show Users</option>
  			<option value="0">Dont Show users</option>
  	</param>
  
    <param name="imagelinked" type="radio" default="1" label="Link User Avatar?" description="Select if you want the avatar of the user to be linked to him profile">
  			<option value="1">Yes</option>
  			<option value="0">No</option>
  	</param>
  
    <param name="userlinked" type="radio" default="1" label="Link the username/name?" description="Select if you want the username or the real name of the user to be linked to him profile">
  			<option value="1">Yes</option>
  			<option value="0">No</option>
  	</param>


	</params>
	
	
	
	
	<fields>
	 <field name="supera_privacy" type="radio" title="_supera_privacy" description="_supera_privacy_description" registration="0" readonly="0" profile="0">
			<fieldvalue title="_supera_priv_public" ordering="0" sys="0" />
			<fieldvalue title="_supera_priv_friends" ordering="1" sys="0" />
			<fieldvalue title="_supera_priv_none" ordering="2" sys="0" />
		</field>

	 <field name="activity_friend" type="radio" title="_supera_tab" description="_supera_tab_description" registration="0" readonly="0" profile="0">
			<fieldvalue title="_supera_my_activ" ordering="0" sys="0" />
			<fieldvalue title="_supera_friend_activ" ordering="1" sys="0" />
			<fieldvalue title="_supera_both_activ" ordering="2" sys="0" />
		</field>

	 <field name="activity_style" type="radio" title="_supera_style" description="_supera_style_description" registration="0" readonly="0" profile="0">
			<fieldvalue title="_supera_def_templ" ordering="0" sys="0" />
			<fieldvalue title="_supera_dark_templ" ordering="1" sys="0" />
		</field>

	 <field name="activity_myactiv" type="radio" title="_supera_own" description="_supera_own_description" registration="0" readonly="0" profile="0">
			<fieldvalue title="_UE_YES" ordering="0" sys="0" />
			<fieldvalue title="_UE_NO" ordering="1" sys="0" />
		</field>

	 <field name="activity_showyou" type="radio" title="_supera_you" description="_supera_you_description" registration="0" readonly="0" profile="0">
			<fieldvalue title="_supera_you_name" ordering="0" sys="0" />
			<fieldvalue title="_supera_name" ordering="1" sys="0" />
		</field>

	 <field name="activity_pbook" type="radio" title="_supera_pbook" description="" registration="0" readonly="0" profile="0">
			<fieldvalue title="_UE_YES" ordering="0" sys="0" />
			<fieldvalue title="_UE_NO" ordering="1" sys="0" />
		</field>
		
	 <field name="activity_logins" type="radio" title="_supera_logins" description="" registration="0" readonly="0" profile="0">
			<fieldvalue title="_UE_YES" ordering="0" sys="0" />
			<fieldvalue title="_UE_NO" ordering="1" sys="0" />
		</field>
		
	 <field name="activity_pupdates" type="radio" title="_supera_pupdates" description="" registration="0" readonly="0" profile="0">
			<fieldvalue title="_UE_YES" ordering="0" sys="0" />
			<fieldvalue title="_UE_NO" ordering="1" sys="0" />
		</field>
		
	 <field name="activity_newships" type="radio" title="_supera_friendships" description="" registration="0" readonly="0" profile="0">
			<fieldvalue title="_UE_YES" ordering="0" sys="0" />
			<fieldvalue title="_UE_NO" ordering="1" sys="0" />
		</field>
		
    <field name="activity_count" type="text" title="_supera_number" description="_supera_number_description" registration="0" readonly="0" profile="0">
    </field>
	</fields>
	</tab>
	</tabs>

    <installfile>install.php</installfile>

    <uninstallfile>uninstall.php</uninstallfile>

</cbinstall>

