<?xml version="1.0" encoding="UTF-8"?>
<!-- $Id$ -->
<!DOCTYPE install>
<install type="language" version="1.5" client="site" method="upgrade">
  <name>Kunena Forum - Russian</name>
  <tag>ru-RU</tag>
  <creationDate>2011-08-29</creationDate>
  <version>1.7.0</version>
  <build>5135</build>
  <author>ZARKOS</author>
  <authorEmail>zarkos@joomlaruclub.ru</authorEmail>
  <authorUrl>http://www.joomlaruclub.ru</authorUrl>
  <copyright>Copyright (C) 2010-2011 ZARKOS. All rights reserved.</copyright>
  <license>http://www.gnu.org/licenses/gpl-2.0.html GNU/GPL</license>
  <description>Пакет русскоязычных файлов пользовательской части компонента Kunena форума</description>

  <files>
    <filename>ru-RU.com_kunena.ini</filename>
    <filename>ru-RU.com_kunena.tpl_default.ini</filename>
    <filename>ru-RU.com_kunena.tpl_example.ini</filename>
  </files>
</install>