<?xml version="1.0" encoding="iso-8859-1"?>
<cbinstall version="1.0" type="plugin" group="language">
	<name>Spanish</name>
	<author>paris15</author>
	<creationDate>2008-01-10</creationDate>
	<copyright>(C) 2005 - 2007 joomlapolis.com</copyright>
	<license>http://www.gnu.org/licenses/old-licenses/gpl-2.0.html GNU/GPL version 2</license>
	<authorEmail>jcrgfnda@telefonica.net</authorEmail>
	<authorUrl>www.lavozdelnervion.com</authorUrl>
	<version>1.1</version>
	<description>Incluye la traducci�n al espa�ol para las funciones de Community Builder.</description>
	<files>
		<filename plugin="spanish">spanish.php</filename>
		<filename>index.html</filename>  
		<filename>calendar-locals.js</filename>
        <filename>images/index.html</filename>  
		<filename>images/nophoto.jpg</filename>     
        <filename>images/pendphoto.jpg</filename>      
        <filename>images/tnnophoto.jpg</filename>      
        <filename>images/tnpendphoto.jpg</filename>  
	</files>
    <params>	
    </params>	    
</cbinstall>