<?xml version="1.0" encoding="UTF-8"?>
<cbinstall version="1.0.0" type="plugin" group="user">
	<name>Geocode Factory plugin for CB</name>
	<author>Pelloquin Cédric</author>
	<creationDate>VIII 2009</creationDate>
	<copyright>(C) 2009 myJoom.com</copyright>
	<license>http://www.gnu.org/copyleft/gpl.html GNU/GPL</license>
	<authorEmail>info@myJoom.com</authorEmail>
	<authorUrl>myJoom.com</authorUrl>
	<version>1.0</version>
	<description>
		<![CDATA[
<p>Please help us by <a href="http://extensions.joomla.org/extensions/extension-specific/community-builder-extensions/community-builder-profiles/9756" target="_blank">rating for us in the JED and write a review</a>, that take 2 minutes and is fair.</p>
<p>The Geocode Factory CB plugin allows you to display a map in a user tab, and allows the user and admin to geocode the user position from the entered address (city, street, country, zipcode). Another feature from the PRO version is to geocode the user in silent mode, during registration process.</p>
<p><img src="../components/com_comprofiler/plugin/user/plug_cbgeocodefactory/images/pec_logo.png" /></p>
		]]>
	</description>
	<files>
		<filename plugin="geocodefactory">geocodefactory.php</filename>
		<filename>index.html</filename>
		<filename>images/pec_logo.png</filename>
	</files>
	<params>
		<param name="Infos" type="custom" class="getgeocodefactoryTab" method="getProductInfos" default="" label="Informations" description="" />

		<param name="checkGfVersion" type="custom" class="getgeocodefactoryTab" method="checkGfVersion" default="" label="Server ready for Geocode Factory" description="If you see here a version in green, your server is compatible with geocode factory." />

		<param name="@spacer" type="spacer" label="Field assignation:" default="" description="" />
		<param name="gfCity" type="text" size="25" label="City field name" default="city" />
		<param name="gfAddress" type="text" size="25" label="Address field name" default="address" />
		<param name="gfZip" type="text" size="25" label="Zip field name" default="zipcode" />
		<param name="gfCountry" type="text" size="25" label="Country field name" default="country" />

		<param	name="@spacer" type="spacer" label="Geocode options:" default="" description="" />
		<param	name="geocodeAtReg" type="radio" label="Auto geocode during registration" default="1" description="Allows you to silent geocode the user durring the registration.">
			<option value="0">No</option>
			<option value="1">Yes, I have the pro version</option>
		</param>

		<param	name="geocodeAtEdit" type="radio" label="Auto geocode during edition" default="0" description="Allows you to silent geocode the user durring the profile edit process.">
			<option value="0">No</option>
			<option value="1">Yes, I have the pro version</option>
		</param>

		<param	name="geocodeBtn" type="radio" label="Add geocode button" default="1" description="Allow the user to use a button to get the coordinates during the profile edition.">
			<option value="0">No</option>
			<option value="1">Yes</option>
		</param>

		<param	name="pickPoint" type="radio" label="User can pick point" default="1" description="Allow the user to pick a point on the map or move the marker to get the coordinates during the profile edition.">
			<option value="0">No</option>
			<option value="1">Yes</option>
		</param>



		<param	name="@spacer" type="spacer" label="Google map parameters:" default="" description="" />
		<param name="width"  size="10" type="text" default="500" label="Map Width" description="Width of the Google map (value in px)." />
		<param name="height" size="10" type="text" default="250" label="Map Height" description="Height of the Google map (value in px)" />

		<param name="overviewMapControl" type="list" default="0" label="Show Overview Map" description="Show the map overview control window." >
			<option value="1">Yes</option>
			<option value="0">No</option>
		</param>

		<param name="apiKey" size="50" type="text" default="" label="Your API Key (Get it from : code.google.com/maps...)." />
		
		<param name="mapControl" type="list" default="1" label="Google Maps Pan/Zoom Buttons" description="Show the Google Maps pan and zoom control buttons.">
			<option value="0">None</option>
			<option value="1">Small Map Controls</option>
			<option value="2">Large Map Controls</option>
		</param>
		
		<param name="doubleClickZoom" type="list" default="1" label="Double Click Zoom" description="Zoom the map on double click." >
			<option value="1">Yes</option>
			<option value="0">No</option>
		</param>

		<param name="mapTypeControl" type="list" default="1" label="Google Maps Type Buttons" description="Show the Google Maps type control buttons to switch between normal map, satellite or hybrid view." >
			<option value="1">Yes</option>
			<option value="0">No</option>
		</param>
		
		<param name="mapTypeOnStart" type="list" default="G_NORMAL_MAP" label="Map Type on Start" description="Setup the starting map type.">
			<option value="G_NORMAL_MAP">Normal</option>
			<option value="G_SATELLITE_MAP">Satellite</option>
			<option value="G_HYBRID_MAP">Hybrid</option>
			<option value="G_PHYSICAL_MAP">Relief</option>
		</param>

		<param name="mapsZoom" type="list" default="8" label="Zoom Level" description="Setup the starting zoom level.">
			<option value="1">1</option><option value="2">2</option><option value="3">3</option>
			<option value="4">4</option><option value="5">5</option><option value="6">6</option>
			<option value="7">7</option><option value="8">8</option><option value="9">9</option>
			<option value="10">10</option><option value="11">11</option><option value="12">12</option>
			<option value="13">13</option><option value="14">14</option><option value="15">15</option>
			<option value="16">16</option><option value="17">17</option>
		</param>	

		<param name="waysearch" type="list" default="1" label="Way search on click" description="Show a waysearch tab if the user click on the marker." >
			<option value="1">Yes</option>
			<option value="0">No</option>
		</param>
		<param name="waysearchText" type="text" size="35" label="Texts for the waysearch tab" default="From,To,Search,Waysearch" description="separated by comma (,) from,to,button,tab" />

		<param	name="@spacer" type="spacer" label="Migration tool" default="" description="" />
		<param name="Migration tool" type="custom" class="getgeocodefactoryTab" method="migrationTool" default="" label="Migration tool" description="" />
		<param name="gfOldLat" type="text" size="25" label="Existing latitude field" default="cb_latitude" />
		<param name="gfOldLng" type="text" size="25" label="Existing longitude field" default="cb_longitude" />
		<param	name="gfOkMigration" type="radio" label="Start migration now" default="0" description="If set to yes, the module migrate your existing coordinates to the new fields (old values are preserved).">
			<option value="0">No</option>
			<option value="1">Yes, I have the pro version</option>
		</param>


	</params>
	<tabs>
		<tab name="Geo infos" description="This tab allows to get, show and save the user coordinates" class="getgeocodefactoryTab" fields="1" position="cb_tabmain" displaytype="tab">

			<fields>
				<field title="Latitude" name="cb_plug_lat" Description="Plugin latitude" type="text" registration="0" profile="1" readonly="0" params="" />
				<field title="Longitude" name="cb_plug_lng" Description="Plugin longitude" type="text" registration="0" profile="1" readonly="0" params="" />
			</fields>
		</tab>
	</tabs>
	<install>
		<queries>
		</queries>
	</install>
	<uninstall>
	</uninstall>
</cbinstall>