<?xml version="1.0" encoding="UTF-8"?>
<!-- $Id$ -->
<!DOCTYPE install>
<install type="language" version="1.5" client="administrator" method="upgrade">
	<name>Kunena Forum - Finnish (Suomi)</name>
	<tag>fi-FI</tag>
	<creationDate>2011-08-29</creationDate>
	<version>1.7.0</version>
	<build>4560</build>
	<author>Sami Haaranen</author>
	<authorEmail>mortti@joomlaportal.fi</authorEmail>
	<authorUrl>http://www.joomlaportal.fi</authorUrl>
	<copyright>(C) 2006 - 2011 Sami Haaranen</copyright>
	<license>GNU/GPL</license>
	<description>Suomenkielinen käännös Kunena Forum lisäosaan</description>

	<files>
		<filename>fi-FI.com_kunena.ini</filename>
		<filename>fi-FI.com_kunena.install.ini</filename>
		<filename>fi-FI.com_kunena.menu.ini</filename>
		<filename>fi-FI.com_kunena.sys.ini</filename>
		<filename>fi-FI.plg_system_kunena.sys.ini</filename>
	</files>
</install>