<?xml version="1.0" encoding="UTF-8"?>
<!-- $Id$ -->
<!DOCTYPE install>
<install type="language" version="1.5" client="site" method="upgrade">
	<name>Kunena Forum - Dutch</name>
	<tag>nl-NL</tag>
	<creationDate>2011-08-29</creationDate>
	<version>1.7.0</version>
	<build>5135</build>
	<author>Jelle Kok</author>
	<authorEmail>info@newf1.nl</authorEmail>
	<authorUrl>http://www.newf1.nl</authorUrl>
	<copyright>(C) 2011 Kunena</copyright>
	<license>GNU/GPL</license>
	<description>Nederlands taalbestand voor Kunena Forum Component. Met dank aan de volgende vertalers: Jelle Kok (810), John (John), DTP2.nl (DTP2) en het taalteam van DutchJoomla!</description>

	<files>
		<filename>nl-NL.com_kunena.ini</filename>
		<filename>nl-NL.com_kunena.tpl_default.ini</filename>
		<filename>nl-NL.com_kunena.tpl_example.ini</filename>
	</files>
</install>