<?xml version="1.0" encoding="iso-8859-1"?>
<cbinstall version="1.0" type="plugin" group="language">
	<name>Polish</name>
	<author>Piegus</author>
	<creationDate>2008-06-05</creationDate>
	<copyright>(C) piegusek14@poczta.onet.pl</copyright>
	<license>http://www.gnu.org/licenses/old-licenses/gpl-2.0.html GNU/GPL version 2</license>
	<authorEmail>piegusek14@poczta.onet.pl</authorEmail>
	<authorUrl>www.joomlapolis.com</authorUrl>
	<version>1.2 RC</version>
	<description>Polski jezyk dla CB 1.2 RC</description>
	<files>
		<filename plugin="polish">polish.php</filename>
		<filename>index.html</filename>  
		<filename>calendar-locals.js</filename>
        <filename>images/index.html</filename>  
		<filename>images/nophoto.jpg</filename>     
        <filename>images/pendphoto.jpg</filename>      
        <filename>images/tnnophoto.jpg</filename>      
        <filename>images/tnpendphoto.jpg</filename>  
	</files>
    <params>	
    </params>
    <database>
	</database>
	<database>
	</database>
</cbinstall>