<?xml version="1.0" encoding="UTF-8"?>
<!DOCTYPE install>
<install type="language" version="1.5" client="site" method="upgrade">
	<name>Kunena Forum - English</name>
	<tag>en-GB</tag>
	<creationDate>2011-08-29</creationDate>
	<version>1.7.0</version>
	<build>5135</build>
	<author>Kunena Team</author>
	<authorEmail>kunena@kunena.org</authorEmail>
	<authorUrl>http://www.kunena.org</authorUrl>
	<copyright>(C) 2008 - 2011 Kunena Team. All rights reserved.</copyright>
	<license>GNU/GPL</license>
	<description>English language file for Kunena Forum Component</description>

	<files>
		<filename>en-GB.com_kunena.ini</filename>
		<filename>en-GB.com_kunena.tpl_default.ini</filename>
		<filename>en-GB.com_kunena.tpl_example.ini</filename>
	</files>
</install>